uid,age,firstname,surname,email
D89S1RGYQ2X5RFZ2,37,Erma,Trimble,danette.atkins@gmail.com
3YJEFUMCHBIELTQ2,11,Ina,Fitch,esta.callahan69165@carry.com
CSGVFK27KZ6NUBR9,91,Bula,Adkins,laurice98@hotmail.com
RZMNB86BSPS4BHZ8,12,Ginger,Olive,cleveland_dagostino255@birth.com
PSIS139HGUIRXG2Y,12,Mozella,Starr,kerri.bair49453@printing.com
20CHPGG763DJZNMF,80,Dwain,Burt,mitchel5485@hotmail.com
CF8UK6UK8FMUMS03,6,Julene,Payne-Hwang,goldie_sparkman5060@hotmail.com
MP21H3AUO6JXIA6G,82,Lacie,Wisniewski,jeanne-florez@hotmail.com
QN3FYQOSMEXGB7IG,36,Twanda,Ahern,iola-knight991@determines.com
ZGU962Q2NOJ5XG0P,36,Debra,Rounds,lorri032@yahoo.com
H1XOI10SHAQZBSRR,58,Ida,Kellum,jillian_molina7@gmail.com
22FP60G7MMAI1CN2,2,Corrine,Gavin,ronnakeyser265@hotmail.com
MY4Y8T1C57D57EQU,78,Sang,Petty,lynnadees19@yahoo.com
4ZOE8AZ6IFXI1P3T,68,Halina,Bellamy,vinaprado@hotmail.com
OSOFCC1Z75YS49QT,55,Miss,Downes,ellaaguayo4173@gmail.com
EYG8G39JR7VUJBGP,53,Valeri,Southard,fabian_fredrickson70703@nikon.com
HO9KXAMAR50K1296,26,Arletha,Waggoner,wayne-mintz36@illustrations.com
0Y3MUM1SX7CNSLH5,19,Irmgard,Shannon,laineknotts909@aerospace.com
H19NSGDE8FYJQD2E,29,Kristofer,Fernandes,maryalice2526@hotmail.com
UAZL6TXQ44U2QJFV,14,Salome,Criswell,britt12@bone.com
NXURRL37YU293FEH,36,Arlean,Hargrave,carson-sutton3@compile.com
MM3AXPC991UO7QQC,89,Gabriel,Burris,shenna_hagan@hotmail.com
MHAYJ63KS11QQ208,23,Harland,Rash,shenita.coronado3096@gmail.com
EGEX7MNMVZPKCNCJ,69,Charity,Settles,joeann.benitez@gmail.com
SVEO3YBGUGE5IA61,72,Hettie,Power-Dover,raina-verdin79890@unlimited.com
T8KD7DKVQSHOVL4A,73,Ardella,Lovell,milda-bethel-case@match.com
QTROO1FA6V0X2QVG,47,Estela,Urbina,lizbethwoodall3@hotmail.com
ULLBBY83PJ4LQA8U,35,Raven,Stover,margaretta-linares7503@furnished.te.it
VM5CT5PFQD6FHR1F,2,Britteny,Murry,pearle_chang@devices.com
C1PPV9ZEJXU9DYQQ,25,Marilyn,Underhill,dainemarlowe@hotmail.com
LFKGU9084T5Z490M,40,Reena,Dorn,nestor823@martha.com
UM1UFBUVUZIRRMHH,43,Celeste,Duong,rueben-greene16324@ep.com
8IKJUBAX5873JZOR,40,Lanelle,Spruill,rubenhaggerty@hotmail.com
9CYSP0VA15HOMIJM,97,Jannette,Ware,mattie.kersey18@order.com
0RNF4JV81E5FPV8G,13,Erma,Ahmad,dorris.chambliss3@metal.com
4FKAIHVU2UAX17VN,49,Rosalva,Cahill,nanette_lefebvre795@yahoo.com
LDK4MRB4MUS98ZEH,5,Lillia,Coggins,annmorris-tisdale5574@yahoo.com
SFVY9F84MIX7QLBL,95,Danelle,Vanover,kaye.lennon248@gmail.com
ESSUTUIS27XBL81O,97,Kristofer,Thurman,mari-santoro6200@eligibility.lib.nv.us
D5TD8FVE3EF5LAY9,49,Mireya,Montenegro,weldon41@gmail.com
GJ6OQ1M3MC4PF0YD,15,Anna,Norwood,nakitaloya@township.com
HYVZE5LSYZS0O3HI,6,Reyes,Redmon,sharonda.rigby42561@inter.com
B7RBUUABGTK9EKNE,32,Sheilah,Oden-Barba,denese9121@brian.com
4KB6YIQTGH2ODJJ6,74,Delois,Wang,lawanda-crutchfield@gmail.com
YUYQNRCRCUCYA59M,94,Alita,Levy,izola4@beijing.com
ASHLGQJMN1E9VVC5,82,Melissa,Dunne,gwyneth986@crash.com
VNTG205S82PM9UP8,37,Gracie,Swope,kelly08@gmail.com
P5CJBGH2SUK4S3EV,78,Mao,Christensen,yulanda-hawthorne432@gmail.com
KI24TZJQ7A1VCD75,71,Magan,Mckenna,carlene8@orbit.com
T380BJKPVDVKJ7D8,49,Lilliam,Danielson,arlette198@yahoo.com
5PKBRCV58THNNI9F,52,Kristopher,Calvert,mitchel-ostrander03@yahoo.com
75UPSK92NDHNZV4Z,29,Bobby,Stidham,eramontez@yahoo.com
UHMR0IJVBTMQ4PF6,45,Kimberli,Moulton,krystenhoff@hotmail.com
IAOPQ8D3BME3V4YG,36,Dorla,Marcus,peter33005@merge.com
J8H0VLR5UC1815H9,15,Bertha,Kearns-Garza,yessenia9@yahoo.com
BF6GFQJA7U4AH9ZJ,99,Madalyn,Barrows,dorinda62@gmail.com
KNAU3REUXX8BH0KN,78,Belia,Shin,hildredbucher@directed.kunstunddesign.museum
N2KZH6OOIE4F3ANF,67,Latrina,Ames,clorinda.whitley-rudd582@pam.com
QOB2JK0ALRQRP2PX,80,Hipolito,Lerner,elida-english557@residence.shinagawa.tokyo.jp
1YQG3QFAFYFTOR35,68,Tenisha,Ibarra,yen.keyser33@travel.com
6QSEZPVN6L7UQQVH,44,Zonia,Fonseca,natisha.hand3@gmail.com
3E0DRYQDPYLYJREU,88,Rosie,Stott,rustymoreland02674@gmail.com
VRBMNY2YF01EQIND,3,Carley,Stovall,sheilah20@hotmail.com
A9PSP2FZFAXPPCBF,45,Carisa,Whyte,lakesha0@per.com
DT97CG9VG4ECI2QZ,22,Jeannie,Christmas,bao.dingle@yahoo.com
N45RB4F2ZNZAXZ8B,63,Chiquita,Batson,britta-chilton995@hotmail.com
N6L82E0OXM3Q4Q77,39,Damaris,Maxey,lachelle-santiago934@hotmail.com
BCQVPXGTZNP2U3OI,52,Daine,Power,wondagleason1@odds.com
L3PTJQTQEQQNKRIV,44,Leonie,Kurtz,delenalorenz1770@yahoo.com
KHU75QLMQIQ356RY,28,Nilsa,Spivey,regenia3@hotmail.com
RKNG3QCOR93XGA8Y,22,Kristy,Bader,bibi.roy-beamon8641@fc.com
LVSNIGHS76FEYK4F,36,Shana,Morgan,bethann0716@distances.enonic.io
SJNM19451ISBDOQO,22,Clarisa,Vickers,tiny44505@gmail.com
HH0SXXONTPSO98GM,47,Delinda,Mendoza,wan_southard3@gmail.com
S6Y7DQU3QJYI05RC,87,Manie,Main,jaleesa.tilton@notre.com
U3QR0792GQETXX8Q,49,Xiao,Gladney,lisa0376@sa.com
JQHMOUJ1R5YAOP0D,33,Adrian,Keller,daria1@hotmail.com
O0KAVNUALGN4TL6N,32,Daine,Mcclain,lovetta5@gmail.com
VMQJ3X6PQTZFQ1E7,80,Delcie,Covington,hui8@gmail.com
F8BUVK8HRAME6A3G,11,Roxy,Call,thu.bratcher@kent.com
RFNDCUATFB6V8UTF,23,Dovie,Gall,judy37@flexible.cc.ky.us
GTJFY4UKMHPVQNSG,99,Lucas,Ackley,fredric-thomason@ron.com
2Q13GQYGMTVCBC87,25,Shin,Stewart,myrna9@yahoo.com
9MB6U367VJB7OSXO,92,Sabine,Haag,debbie.wisniewski@betty.com
280DX0MPYN2ZQ0QD,2,Lyndsey,Roth,bernie_rhea63688@gmail.com
GTH7BLOQQGS0C187,82,Launa,Staten,dario.waite98@hotmail.com
R8AFT163ZUX26JMQ,31,Janene,Chadwick,emogene.beane@oz.com
HOUQZQLVA2A4ZQGV,92,Nakita,Hensley,florrie.garvin@diameter.com
9QRADUKGIFDQ8VNK,88,Angelina,Billiot,merissa-jeffrey99@bones.com
KPERNG1DNF2KC5GB,12,Joannie,Rauch,lora6@yahoo.com
YBQHIBDGA3OIQY1D,10,Maureen,Saldivar,deaneloyd00@outlet.com
0IH6GM7VELLN2CQU,54,Lorriane,Centeno,jacklyn.cheng-gant@hotmail.com
FT2O9YY5RT6FEQU2,18,Thomasine,Douglas-Breeden,marcosyost@gps.sakai.ibaraki.jp
1XKQDBLPMRYTX3X2,39,Tomi,Soriano,kandimenard738@id.com
MBZD0DY5K8H3U1L3,76,Cruz,Earls,cheryll8@hotmail.com
DVA8ORHS003I19VE,97,Anderson,Roush,samuel988@practical.com
S9RQV46B2U1Q9MNA,89,Kara,Mckeown,dennis-sage@unnecessary.com
61MF440Q5AGQ9K6I,64,Tosha,Mayo,molly_correia@regards.com
Q8SGI37XD358E9UR,61,Trent,Rockwell,racquel-shorter00173@hotmail.com
0U1LHA6SXRD1OY5D,97,Billye,York-Peak,valerisalyer93857@entering.shibecha.hokkaido.jp
BQ67LHBC18XR04Q8,90,Sunshine,Valdez,lakendra-pinckney0859@clear.com
S28OCX1BHKSBIGPK,58,Palma,Snider,calandra-schuler@gmail.com
S5XBAKVGQ4Q70ZZ5,74,Laraine,Blackman,rashida.cano07120@gmail.com
H2P5SUIFGEU3OGR9,45,Deloras,Vogel,charleen-mattingly93@work.com
AQOZZQ2ARSQMCEBQ,88,Twanda,Clarke,alejandra.bull@legends.com
7FP478EX7Y80U97N,12,Valerie,Callaway,shaina_hayward7242@ww.com
EUQG39PLCT0T92RU,45,Mika,Jorgenson-Bundy,louettadodson521@satellite.com
7ISG3DY08SU1QVAI,39,Gene,Linder,gaylord.whitlock0@yahoo.com
FHBNTCQAILMNSMIZ,68,Lazaro,Spradlin,mitchell-lawson84@hotmail.com
BHYP5FLD3X9O92SC,39,Alaina,Windham,danyell622@mods.com
KH4EQRTOQ3SDUYP2,57,Howard,Vega,melidamatias4369@citizen.com
BX2VSUU66AEZ8SFL,81,Jonell,Dunbar,breanna682@warranty.com
LXFNMK5C2CE7U724,23,Rosanne,Stine,lynelleboatright@gmail.com
7QSM0NQPBUU9ZQRI,69,Mistie,Hennessey,fritztisdale714@accounts.com
R71HG6MCBIFS7XQC,38,Tyra,Minnick-Southard,edtorres3494@yahoo.com
645XJ0NCGI9EAO12,41,Mason,Kilpatrick,alberto2@directions.com
3Q8FQ5KDNUF0IUKG,70,Tamie,Slaton,keiko_stahl10249@solution.com
74BMPODOY6PRXALL,49,Roxanna,Rivas,gerry8@century.st.no
BTJQF9DN9HXP6KGB,41,Sona,Finney,libbiecantwell04892@gmail.com
XXYE7T6ITOZ854XA,20,Eusebia,Hurst,chanda.cloud824@yahoo.com
I2FFQH0ZVU2PR1X5,39,Vania,Bergstrom,brittani7393@yahoo.com
E41Q4540612LI2BU,11,Gerri,Deane,chan93323@hotmail.com
6FU8YO3RJTKZ2X6F,72,Sarai,Sowell,marin-mccaskill@operates.com
738H5LCBM68QML46,80,Tianna,Chesser,evelynn0@yahoo.com
8LTQOSC0BN6HIFH4,31,Lanette,Vargas,lennie1@bone.vision
Q7PZ9MQPS3KJY5O8,6,Simona,Newman,katharine.elder365@wish.com
KNN1TPT7M6D9MD2I,25,Dee,Lamar,mitzie-nguyen@message.com
L91OQACX9P0QT3VQ,20,Micha,Kincaid,hipolito1482@yahoo.com
HMC62RYCQILQVT57,10,Kareen,Mccrory,bert-bowler409@yahoo.com
QL6IM0M4X3L7E5T3,68,Trinity,Burleson-Spicer,rossana-seidel@administered.com
OQ9N65HBV637IE2V,57,Brynn,Bandy,karren7777@yahoo.com
CQ7S13F2U2UJ4UQR,48,Jonas,Rubin,joannie.marra46@behind.com
OXQKHJQIN6UXL0CY,77,Britni,Stanfield,angele2@gmail.com
XXPV5IKJYHF8G4XZ,11,Rana,Pender,shiela-greenlee@incl.com
5YS5QMBCGU6Q1SVI,82,Deandre,Perreault,deloiswhitaker8096@hotmail.com
QB5K5PPS0E2L6R1G,32,Wesley,Langer,kristen_wilkins03@housewives.trentinsuedtirol.it
HH2INUTDPD60MNM0,56,Mika,Neuman,tamisha_turpin5427@gmail.com
GNP37ZO7SBPMXK6E,32,Jacelyn,Pearsall,ethelynhuston05115@gmail.com
R83CVOKY25BTK5ZA,62,Elia,Troy,my.hyde@dividend.com
9ZJRC1XUE8CK2BNY,50,Elke,Almond,lahoma0788@yahoo.com
UFGU5CJ6X0XY9AU9,88,Magen,Crider,maren_mcdaniel73@para.com
KE4QI4RBD48EUQS1,10,Callie,Archer,bonita94@subscriber.com
KOA2EMS9R505GI0R,85,Isiah,Tomlin,luveniaguthrie8@yahoo.com
T1HO0T6VB5Q38MMA,55,Dotty,Youngblood,vena.camara@kevin.com
BU7PDUGLNUBQCXOE,26,Patrick,Ison,arie.vanburen4@yahoo.com
CQQP3BFPPOQBGXC5,64,Donovan,Chester,elenoraredding-cruz@logistics.com
OZNV14SY2S2DD42P,33,Lazaro,Velasquez,autumn3@gmail.com
HLI2TVQVOI13EE3E,76,Vern,Farley,alex096@hotmail.com
3SR464ZR8BCJE6DQ,14,Sheba,Maness,andria61240@yahoo.com
DQ16BJSHHEZ2MURV,84,Cassaundra,Leonard,kasey609@yahoo.com
9FPYQRQD41TXB3VT,42,Jodie,Mares,elvinapardo00771@gmail.com
JZYLE6GGI844NOHK,21,Mable,Barrera,ellamae23@tourist.com
F7JKGB95Q077KIYZ,80,Stephenie,Coons,jolie5@gmail.com
QSHRT0JEZ31KBD2K,65,Ferne,Weir,ismael.mendes@donate.com
UAUYMAT18P294HUT,31,Tuan,Guevara,kittie8101@mighty.com
1Y8GABMEMNDXGQFN,17,Jolie,Overstreet,leanorarichie-overton3@gmail.com
AG006320DRYDVBMF,62,Merlyn,Clary,detra59@gmail.com
ZPRZYU2R0TQIY1UC,33,Kandice,Bull,deandre26@gmbh.tv.tr
QF8EAEC1LL9N9KRP,66,Micaela,Sparks,theodore.marin7@gmail.com
IQBYZHIV5K5JYGTC,52,Dorie,Garrison-Oliva,lien5567@determine.lukow.pl
ST8EHAG3B2FP0Y3N,52,Scot,Mixon,ashlea_trotter@gmail.com
IPCLBFL577MJA0CJ,64,Ebonie,Knutson,kiley-dayton@gmail.com
8ZA8QLJTXUCDLNK6,65,Jerica,Ferrell,shayla198@yahoo.com
OA5GVP7SV8G3B1HK,6,Magda,Dahl,clevelandharrington@going.com
7PR03FL52QKYUESD,73,Awilda,Harley,january66@gmail.com
ETA784AAMQFYQAL5,62,Inocencia,Dempsey,santa.ridgeway0@bare.com
O9UDOPDSPJGVB0RG,79,Raphael,Chew,darby-batts6019@gmail.com
P0A9LMVI3NQMHTMX,57,Cole,Salcido,hipolito59@editing.com
4CPV52CTUKS2KU20,94,Vina,Weatherly,lucilacarman9@yahoo.com
P24FT4DNDXVNRYMR,58,Trevor,Duffy,jacqui54850@yahoo.com
2XSUBQN63ECL06GS,97,Dee,Mendoza,louettasimpson682@everybody.com
L3FBOYI61QC1QTA0,84,Suzanne,Laflamme,mara86501@efficient.takayama.gunma.jp
H6FN6PDA31V3VBQ0,23,Regina,Velazquez,amie59492@precisely.com
C55EBM72977Z47P7,27,Dominick,Duvall,ivory_andrus@handle.com
3IRPYEOZE4C33JVF,48,Jami,Stacey,aretha.cleary@yahoo.com
P4SIXZXB8H8H5ZVK,74,Norah,Adcock,emma_maples@wooden.edu.sn
L6N5LBKUQHFQEGXV,69,Tania,Currie,loan.walker@gmail.com
S9KIJT49BADG6N23,80,Warren,Logan,hermamora90@self.com
LD60LMQJKXDRNTQO,5,Nicholle,Dangelo,craig_hays31@generators.com
UD0QTH3NII8C2LZ6,47,Ileen,Musser,adell.humes@yahoo.com
2S1HIQ67RU3TX8MI,46,Melina,Shook-Potter,vannabard74@yahoo.com
9QD636BRCPL8OSKV,14,Kassie,Boatman,merideth-bailey2328@advantages.com
DL2N4DMIODQQEJLY,86,Tashina,Fuchs,ramiro.shin7058@those.com
SVMM2U0HHRSZVRZ7,43,Ailene,Sheridan,lakisha-lockhart-hamilton6211@hotmail.com
UH10OEUMAEK09KQ4,30,Gil,Yeager,natacha.wooley6@whom.com
GYPOLONL37I1MMQG,4,Onita,Chiu,virginia-nabors34@film.edu.au
9TDFYSOVQDU35E1X,59,Fidel,Ruth,mariette_lunsford@gmail.com
GV2VX3R8UK3VNKAN,83,Bruce,Locklear,teodoro97@smart.com
S5441DMF05ULIARN,51,Prudence,Conroy,samatha-lara01470@yahoo.com
Q8MOZPUFJ1AETQGQ,9,Thomas,Haynes-Haywood,carolyn-bender998@gary.kira.aichi.jp
COPGHD3QI2S3OXHA,75,Sarai,Penrod,han.sawyer@sure.com
BHHTSIOKDRQAIGY2,25,Brittany,Stephens,sherrie417@hotmail.com
1ELKJRFNADI4D1ZT,47,Drew,Morton,nisha283@systematic.com
9NP06SIRLOO4H1QK,74,Alva,Little,winford-garvey3218@yahoo.com
ZY4GIIIZNAXITSYE,96,Sirena,Noonan,tiannamonaco989@rubber.com
8R49ZSSILAXTOKTT,32,Dawna,Smallwood,mayola43@get.barrel-of-knowledge.info
2BRFMA7ACL7AGDM2,78,Alonzo,Good,shonna-locke@depot.com.ws
I5RF8PBA1BCQPQAL,39,Marth,Fahey,polly_bauer@klein.com
J1LR30O57YIISQHI,60,Viki,Marks,cecile_whitt3276@prisoner.com
LLUVGXSETDHHZL5T,61,Paris,Barlow,stuartdial@hotmail.com